チャンネル,動画名,動画URL,アップロード日,視聴数,倍率(vs中央値),outlier
https://www.youtube.com/@%E5%A5%87%E8%B7%A1%E3%81%AE%E6%97%A5%E6%9C%AC-t2r,【海外の反応】「日本が先進国なんて間違ってる！」日本を見下すドイツ人女子大生たちが、初来日で新幹線に乗った5分後に後悔し猛省した理由,https://www.youtube.com/watch?v=fLqqKdoa43k,2026-08-28 12:00,5301,66.26,○
https://www.youtube.com/@%E5%A5%87%E8%B7%A1%E3%81%AE%E6%97%A5%E6%9C%AC-t2r,【海外の反応】「今は中国の方が各上よね？」中国人女性が東京駅と新幹線を痛烈批判...来日3分で絶望した理由,https://www.youtube.com/watch?v=e25Z3qcwdNw,2026-08-28 20:15,4755,59.44,○
https://www.youtube.com/@%E6%88%91%E3%81%8C%E6%97%A5%E6%9C%AC,"「キック始動なんて原始的すぎるw」マイナス10度の北欧で最新BMWのバッテリーが完全凍結→""日本の古いヤマハSR400""がたった一蹴りで力強い鼓動を響かせた瞬間に欧州が絶句【海外の反応】",https://www.youtube.com/watch?v=5qT6r2uYH-k,2026-08-27 18:00,3405,36.61,○
https://www.youtube.com/@%E6%97%A5%E3%81%AE%E6%9C%AC%E3%81%AE%E5%93%81%E6%A0%BC,【海外の反応】修学旅行で日本に来たイギリス名門女子高生が羽田空港と日本の学校の掃除の時間に驚いた話 #shorts,https://www.youtube.com/watch?v=UPnEiZxf8g8,2026-08-27 14:58,118744,23.4,○
https://www.youtube.com/@%E6%B0%97%E9%AB%98%E3%81%8DNIPPON,【海外の反応】「一文字なのに、なぜ通じる？」日本人なら一瞬で意味が伝わる謎の文字…AIも読み解けなかった理由,https://www.youtube.com/watch?v=POBlYz6IUgQ,2026-08-27 18:00,23950,23.34,○
https://www.youtube.com/@%E6%B5%B7%E5%A4%96%E3%81%AE%E5%8F%8D%E5%BF%9C-j1f,【海外の反応】「こんな魚は捨てるしかない」業者に安く買い叩かれ続けた小さな漁村で、日本人料理人が見抜いた“誰も食べなかった魚の価値”が一人の少年の未来を変えた,https://www.youtube.com/watch?v=izwEmrwD7aU,2026-08-27 17:00,16571,21.58,○
https://www.youtube.com/@%E6%B5%B7%E5%A4%96%E3%81%AE%E5%8F%8D%E5%BF%9CNEWS,【海外感動秘話】首都沈没で国家非常事態！巨額契約を中国から奪い取った日本の「たった一つの約束」に世界が涙…「我々は見捨てない」,https://www.youtube.com/watch?v=dBp3sx19Bco,2026-08-27 18:30,2145,16.25,○
https://www.youtube.com/@%E4%B8%96%E7%95%8C%E3%81%AE%E6%84%9F%E5%8B%95%E3%81%AE%E5%B5%9020xx,【海外感動】NATOが日本に「18兆円を今すぐ出せ」と無償支援を要求！最後通告を受けた日本が見つけ出した反撃策、その驚きの展開に世界が騒然！,https://www.youtube.com/watch?v=iXND2XFKRws,2026-08-27 14:56,79064,16.1,○
https://www.youtube.com/@%E6%97%A5%E6%9C%AC%E8%BB%8A%E3%81%AE%E9%AD%82,中国を選んだインドネシア、赤字地獄へ…豪州が日本を選ぶ衝撃の理由,https://www.youtube.com/watch?v=yuJZXUMCios,2026-08-27 13:40,20221,14.78,○
https://www.youtube.com/@japan_shogeki,【海外の反応】「子供に日本の白米を見せると危険w」初来日の少食イギリス人息子がアニメで見た山盛り白米に夢中w 高級炊飯器まで購入したら帰国後とんでもないことに,https://www.youtube.com/watch?v=FP9cuJgY12c,2026-08-27 09:00,5582,14.77,○
https://www.youtube.com/@nyasinfo/videos,【逃げ道なし】アメリカが中国の石油ルートをほぼ全て塞いだ結果#猫マニ #猫ミーム,https://www.youtube.com/watch?v=ZKGcpgH7Otc,2026-08-27 18:00,550550,14.26,○
https://www.youtube.com/@%E5%A5%87%E8%B7%A1%E3%81%AE%E6%97%A5%E6%9C%AC-t2r,【海外の反応】「中国は日本の100倍安全なのよ！」5年間日本での単身赴任を終えた中国人キャリア女性、楽しみにしていた 母国帰国後“信じられない光景”に絶望・・・。,https://www.youtube.com/watch?v=IPB7-spjKFQ,2026-08-27 20:15,1012,12.65,○
https://www.youtube.com/@%E4%B8%96%E7%95%8C%E3%81%8C%E9%A9%9A%E6%84%95%E3%81%97%E3%81%9F,【海外の反応】「日本は韓国に興味ナシ！」韓国の人気番組でAIが衝撃発言！韓国が凍りついた残酷すぎるデータとは,https://www.youtube.com/watch?v=qCmXAFAVib0,2026-08-29 17:00,49566,11.07,○
https://www.youtube.com/@%E4%B8%96%E7%95%8C%E3%81%AE%E6%84%9F%E5%8B%95%E3%81%AE%E5%B5%9020xx,【海外感動ストーリー】3兆円級の日本兵器に世界騒然！アメリカ・韓国・中国がすべて脱落、核爆弾クラスの兵器に驚愕！,https://www.youtube.com/watch?v=C85_SXXqlvM,2026-08-29 16:57,49951,10.17,○
https://www.youtube.com/@sekai-nihonn,【海外の反応】「これは怖い…」中国の異常な混雑、日本との落差に外国人驚愕,https://www.youtube.com/watch?v=Z1LI8SsT6QI,2026-08-27 19:00,6723,8.91,○
https://www.youtube.com/@ShineintheWorldJapan,「これは衝撃的すぎる!!」海外メディアが取り上げた日本のモノの数え方、外国人学者が徹底検証で価値観がひっくり返った驚愕の理由とは？【海外の反応】,https://www.youtube.com/watch?v=a-kxbiztsZw,2026-08-28 11:00,24271,8.67,○
https://www.youtube.com/@sekai_tataeru_japan,【海外の反応】「帰国したら何を食べても美味しくない！」日本旅行後、味覚がおかしくなりパニックになる外国人が続出中！その理由に世界中が絶句！,https://www.youtube.com/watch?v=8-zS6mg5QC0,2026-08-27 19:30,2909,7.8,○
https://www.youtube.com/@%E4%B8%96%E7%95%8C%E3%81%8C%E7%A7%B0%E8%B3%9B%E3%81%99%E3%82%8B%E6%97%A5%E6%9C%AC%E3%81%AE%E5%BA%95%E5%8A%9B,【海外の反応】「日本には人の心がない！」韓国議員の批判発言だが各国の反応で韓国国内が緊急騒動へ…,https://www.youtube.com/watch?v=_NW54I0T4BQ,2026-08-27 20:30,7956,7.78,○
https://www.youtube.com/@%E4%B8%96%E7%95%8C%E3%81%8C%E6%86%A7%E3%82%8C%E3%82%8B%E4%BA%AC%E9%83%BD%E3%81%AE%E7%BE%8E-n5z,【海外の反応】「日本は韓国に依存してる！」韓国政府が半導体の国産化で強気発言→韓国が絶句した日本の衝撃的な行動とは,https://www.youtube.com/watch?v=9kFLxgMJtqI,2026-08-28 06:00,9788,7.71,○
https://www.youtube.com/@WaNoHikari,【海外の反応】「日本の角煮はね、お口に入れたらとろけて甘くて最高なんだよ！」肉嫌いを克服した少年が誇らしげに語った理由に感動の物語…和辛子で悶絶した音楽家の父が涙した下町食堂の奇跡,https://www.youtube.com/watch?v=dtN3qPQv_RQ,2026-08-28 17:00,12468,6.84,○
https://www.youtube.com/@%E6%97%A5%E6%9C%AC%E3%81%AE%E9%81%94%E4%BA%BA,【海外の感動話】我々こそ強者だベトナムが日本を夜間強制追放15年間の5％減税を破棄電力20％を無通知カットキヤノン年間1億台拠点も撤退30秒後外資が一斉撤退270億ドル巨額不正が発覚し国家経済を圧迫,https://www.youtube.com/watch?v=bbbJ5R6QJEs,2026-08-27 19:40,385163,6.8,○
https://www.youtube.com/@%E4%B8%96%E7%95%8C%E3%81%8C%E9%A9%9A%E3%81%84%E3%81%9F%E6%97%A5%E6%9C%AC%E3%83%81%E3%83%A3%E3%83%B3%E3%83%8D%E3%83%AB,【海外の感動話】「工場見学w」と嘲笑ったNATOの30カ国…数日後、東京の製造工場で全大使が絶句！ 欧州は3年に対して日本は6か月？,https://www.youtube.com/watch?v=kmKm9AC0eRg,2026-08-29 06:00,21547,6.71,○
https://www.youtube.com/@%E4%B8%96%E7%95%8C%E3%81%AE%E6%84%9F%E5%8B%95%E3%81%AE%E5%B5%9020xx,【海外の反応】日本のたった一言でアメリカが騒然！隠されていた日本の「秘密兵器」が明らかになった瞬間、アメリカが逆提案…しかし日本は拒否！その結果、アメリカが大混乱に陥った理由とは？,https://www.youtube.com/watch?v=aKeMeKIFiys,2026-08-28 15:46,31540,6.42,○
https://www.youtube.com/@japannetsushisen,【海外の反応】「日本式だけください」ドイツ廃業寸前ホットドッグ店に日本人老人が加わった途端、店に異変が…,https://www.youtube.com/watch?v=THcqaWcSNoA,2026-08-27 19:00,4688,6.13,○
https://www.youtube.com/@%E6%97%A5%E6%9C%AC%E5%9B%BD%E9%98%B2%E3%81%AE%E8%8B%B1%E9%9B%84%E3%81%9F%E3%81%A1,【海外の反応】「砂漠では独車に限る」と信じた中東の隊長が、ランクルの走破力を前に乗り換えを即決したワケ。その耐熱設計の秘密とは？,https://www.youtube.com/watch?v=nTsjUDs0e2U,2026-08-27 19:00,2348,6.01,○
https://www.youtube.com/@%E6%97%A5%E6%9C%AC%E3%81%AE%E5%BA%95%E5%8A%9B-b3l,【海外の反応】「核時代の終焉だ！」日本の極秘技術にアメリカが大慌て…想像を超える日本の真の実力とは？,https://www.youtube.com/watch?v=rgjVG2QAcE0,2026-08-29 17:30,424,5.97,○
https://www.youtube.com/@sekai_ga_odoroku_nihon,【海外の反応】「娘に何があったんだ…」100kgで日本へ渡ったアメリカ人女子大生。1年後、帰国した姿に両親が絶句した理由,https://www.youtube.com/watch?v=DOmxHhCUtTY,2026-08-29 10:02,3156,5.92,○
https://www.youtube.com/@sekai-shitto-japan,【海外の反応】「ピラミッドより衝撃だった…」世界の聖地を巡った外国人が伊勢神宮で言葉を失った理由,https://www.youtube.com/watch?v=B3ZJXRSzJQg,2026-08-27 17:00,3193,5.9,○
https://www.youtube.com/@%E3%81%82%E3%82%8A%E3%81%8C%E3%81%A8%E3%81%86%E6%97%A5%E6%9C%AC-777,【海外の反応】「本当にここで遊ばせるの？」外国人が笑った日本の小さな公園…翌朝、その態度が一変した理由とは…,https://www.youtube.com/watch?v=byqDoOa0avs,2026-08-28 17:30,2263,5.86,○
https://www.youtube.com/@horejapan,【海外の反応】「なぜ“こんにちは”は『わ』と読むのに『は』？」文化庁も明記した“最後の1文字”に外国人が驚愕！,https://www.youtube.com/watch?v=53gR2hl68kc,2026-08-28 19:00,15995,5.81,○
https://www.youtube.com/@JAPAN%E3%81%82%E3%81%A3%E3%81%B1%E3%82%8C-j4w,【海外の反応】「こんな意味があったの⁈」日本の47都道府県名を英訳したら、海外がザワついた意外すぎる理由とは…,https://www.youtube.com/watch?v=7vbiqpkCgbs,2026-08-28 17:04,1842,5.74,○
https://www.youtube.com/@japan_shogeki,【海外の反応】「俺たちは日本のキツネ以下・・・」フランス人が日本のキツネ村で見た衝撃的な光景とは？,https://www.youtube.com/watch?v=tz4VN5nAwk0,2026-08-28 09:00,2071,5.48,○
https://www.youtube.com/@%E5%A5%87%E8%B7%A1%E3%81%AE%E6%97%A5%E6%9C%AC-t2r,"【海外の反応】「日本の鉄道は中国以下だろ！」中国鉄道こそ世界一と信じる中国人が初めて新幹線に乗車し、発車５分で""明らかな違い""に思わず絶句・・・",https://www.youtube.com/watch?v=MTx3_Qi2D9o,2026-08-27 12:15,409,5.11,○
https://www.youtube.com/@%E5%A5%87%E8%B7%A1%E3%81%AE%E6%97%A5%E6%9C%AC-t2r,【海外の反応】「日本リニアは中国のパクリ！」日本のリニア技術を中国人学生が侮辱し激怒→技術者が明かした“まさかの真実”に思わず絶句,https://www.youtube.com/watch?v=1lbY-atXP4A,2026-08-29 21:30,397,4.96,○
https://www.youtube.com/@JAPAN%E3%81%82%E3%81%A3%E3%81%B1%E3%82%8C-j4w,"【海外の反応】「こんな絵文字読めない…」日本人にしか理解できない""読み方""があると判明し世界の言語学者が驚愕!!",https://www.youtube.com/watch?v=Vlmw6gvxWFk,2026-08-27 17:19,1549,4.83,○
https://www.youtube.com/@%E6%97%A5%E6%9C%AC%E5%9B%BD%E9%98%B2%E3%81%AE%E8%8B%B1%E9%9B%84%E3%81%9F%E3%81%A1,【海外の反応】「30年前の設計が最速のはずがない」と笑った独の空力学者が、隼の風洞データを見た瞬間に言葉を失ったワケ。その機能美の正体とは？,https://www.youtube.com/watch?v=sDxyHjTvq8Y,2026-08-28 19:00,1886,4.82,○
https://www.youtube.com/@JPN2-fk6nr,【超電導リニア新幹線】11兆円投入の真の目的は「最強の盾」！単なる交通手段のアップデートではなく日本が生き残るための生存戦略なのです。未曾有の大災害から日本の経済活動を守り抜く最強の盾となる投資です！,https://www.youtube.com/watch?v=kjXFTndo-us,2026-08-27 17:00,10193,4.75,○
https://www.youtube.com/@brain553-q4m,【海外の反応】「不公平すぎるだろ！」 1杯10ドルのコーヒーを飲む外国人が日本の1ドルコーヒーを飲んで言葉を失う…,https://www.youtube.com/watch?v=w65hYXF-hX8,2026-08-27 18:09,971,4.3,○
https://www.youtube.com/@%E3%83%9E%E3%82%B8%E3%81%A7%E3%81%99%E3%81%92%E3%81%87.%E3%83%8B%E3%83%83%E3%83%9D%E3%83%B3,初めて食べる日本の食べ物のクオリティに驚く！ #shorts #海外の反応 #日本旅行 #日本食 #外国人リアクション,https://www.youtube.com/watch?v=xFEwzv5fF7o,2026-08-27 22:00,183835,4.18,○
https://www.youtube.com/@JAPAN%E3%81%AE%E9%98%B2%E8%A1%9B%E5%8A%9B,"【アメリカが""推奨しない""と切り捨てた技術】日本が捨てなかった""覗けない回線""の正体",https://www.youtube.com/watch?v=NTPinELHUp4,2026-08-27 06:00,779,4.08,○
https://www.youtube.com/@%E6%B5%B7%E5%A4%96%E3%81%AE%E5%8F%8D%E5%BF%9C-j1f,【海外の反応】「消防車があっても水がない…」山火事が迫るセルビアの村、日本人消防士が“使われなくなったワイン貯蔵槽”を開けた理由,https://www.youtube.com/watch?v=TWF-tAeaLAU,2026-08-29 17:00,3097,4.03,○
https://www.youtube.com/@%E6%88%91%E3%81%8C%E6%97%A5%E6%9C%AC,【海外の反応】「日本のバイクが数百億のF1に勝つ？w」直線勝負で欧州勢が嘲笑→川崎重工の過給器が超音速でH2Rを加速させF1を置き去りに！絶句の理由?,https://www.youtube.com/watch?v=DL2KsWSkXXk,2026-08-29 17:54,372,4.0,○
https://www.youtube.com/@%E6%98%AD%E5%92%8C%E4%B8%96%E4%BB%A3%E3%81%AE%E7%B2%BE%E7%A5%9E%E3%82%92%E5%BF%98%E3%82%8C%E3%81%AA%E3%81%84/videos,【海外の反応】中国からコマツは逃げ出した！？熾烈な値下げ競争から降りたコマツが売上4兆円を超えた理由とは！？【ものづくり】,https://www.youtube.com/watch?v=qtjZSgiwXJU,2026-08-28 06:00,180495,3.78,○
https://www.youtube.com/@%E6%97%A5%E6%9C%AC%E3%81%AE%E6%84%8F%E5%A4%96%E3%81%AA%E7%9C%9F%E5%AE%9F2000,【海外の感動話】「日本の軍事力は想像以上だ」スウェーデン軍事放送も衝撃、ホワイトハウス公開の3分映像,https://www.youtube.com/watch?v=p-HhUIy8aw4,2026-08-27 05:29,79448,3.7,○
https://www.youtube.com/@%E4%B8%96%E7%95%8C%E3%81%8C%E9%A9%9A%E6%84%95%E3%81%97%E3%81%9F,【海外の反応】「日本企業など過去の遺物だ」韓国の煽りで三菱が決断⋯24時間後に韓国が絶望した驚愕の展開とは,https://www.youtube.com/watch?v=5DhGz3mhTfY,2026-08-28 17:00,16485,3.68,○
https://www.youtube.com/@%E4%B8%96%E7%95%8C%E3%81%8C%E8%A6%8B%E3%81%9F%E6%97%A5%E6%9C%AC%E3%81%AE%E7%9C%9F%E4%BE%A1,【海外の反応】「日本の飯は、こんなもんか」世界で一番忙しいNY消防隊に日本の弁当を配ってみたら意外な結末に,https://www.youtube.com/watch?v=sJQa_MD-8n8,2026-08-27 13:00,1588,3.63,○
https://www.youtube.com/@%E6%B5%B7%E5%A4%96%E3%81%AE%E5%8F%8D%E5%BF%9CNEWS,英国人教授、30年の信念を捨て涙「日本は国ではない…アレは“神”だ」世界が絶句した親日家の警告に一同驚愕！,https://www.youtube.com/watch?v=boxoKhBg2qw,2026-08-28 18:30,468,3.55,○
https://www.youtube.com/@%E4%B8%96%E7%95%8C%E3%81%8C%E6%86%A7%E3%82%8C%E3%82%8B%E4%BA%AC%E9%83%BD%E3%81%AE%E7%BE%8E-n5z,【海外の反応】「日本の部品はもう必要ない！」中国大手EVが高らかに宣言→わずか3ヶ月で起きた残酷な展開に世界が絶句,https://www.youtube.com/watch?v=kwmZUm2zrKM,2026-08-27 19:00,4461,3.52,○
https://www.youtube.com/@%E4%B8%96%E7%95%8C%E3%81%8C%E6%86%A7%E3%82%8C%E3%82%8B%E4%BA%AC%E9%83%BD%E3%81%AE%E7%BE%8E-n5z,【海外の反応】「日本は韓国に依存してる！」半導体問題で韓国政府が強気発言→日本の予想外な行動で韓国絶句,https://www.youtube.com/watch?v=gwMD7Y6KcNw,2026-08-28 17:00,4440,3.5,○
https://www.youtube.com/@%E4%B8%96%E7%95%8C%E3%81%8C%E8%A6%8B%E3%81%9F%E3%83%8B%E3%83%83%E3%83%9D%E3%83%B3%E3%81%AE%E5%87%84%E3%81%95,一口食べたら止まらない！外国人女性がおにぎりに完全にハマる！ #short #外国人のリアクション #日本観光 #日本グルメ #海外の反応,https://www.youtube.com/watch?v=EJbnGF36erE,2026-08-27 11:00,189152,3.49,○
https://www.youtube.com/@ShineintheWorldJapan,「なぜ日本だけ？」世界中が嫉妬!!海外では貴族だけの特権を1000年前に民主化していた日本文化の衝撃的事実とは【海外の反応】,https://www.youtube.com/watch?v=BPGch4zwv7s,2026-08-27 11:00,9590,3.43,○
https://www.youtube.com/@%E4%B8%96%E7%95%8C%E3%81%8C%E8%AA%8D%E3%82%81%E3%81%9F%E6%97%A5%E6%9C%AC-10,【海外感動エピソード】BBC記者がAPEC取材で日本を訪問！日本の高速道路と交通インフラを目の当たりにして驚愕！「ヨーロッパが学ぶべき国」と絶賛した理由に、世界中が騒然！,https://www.youtube.com/watch?v=5XK7647SWh8,2026-08-29 11:00,676,3.27,○
https://www.youtube.com/@%E6%97%A5%E6%9C%AC%E5%8F%A4%E8%AD%9A,奉公三十年、屋敷を追われた朝に米一粒も持たず、甕の黒い溜まりだけを一椀すくった女中|昔話|説話|野談|時代劇|民話,https://www.youtube.com/watch?v=7T9qa247Lok,2026-08-28 13:00,9425,3.26,○
https://www.youtube.com/@JapanMinhWorld19981,【日本の技術】世界の名車を裏で支える日本企業5社！ドイツ高級車も中国EVも頼る「世界トップ級」車載部品の正体,https://www.youtube.com/watch?v=ptc4bYOW5QI,2026-08-28 13:00,1278,3.19,○
https://www.youtube.com/@sekai-shitto-japan,【海外の反応】なぜ日本だけ何度でも蘇る？世界が理解できない3つの力,https://www.youtube.com/watch?v=M87_OaLD4pU,2026-08-29 17:00,1699,3.14,○
https://www.youtube.com/@%E6%A1%9C%E5%BA%AD%E3%82%B9%E3%82%AB%E3%83%83%E3%81%A8%E5%8A%87%E5%A0%B4,【海外の反応】「竹島は日本のものだ！」韓国が竹島侵犯で挑発→世界が驚愕した日本の冷酷な行動とは,https://www.youtube.com/watch?v=grl3DMJD0I4,2026-08-29 18:00,1928,3.09,○
https://www.youtube.com/@%E9%98%B2%E8%A1%9B%E6%97%A5%E6%9C%AC%E3%81%AE%E5%BF%83%E3%83%81%E3%83%A3%E3%83%8D%E3%83%AB,【海外の反応】「日本は撃てない国でしょう？」友好国軍の指揮官が1000km級ミサイルの本当の意味を知ったとき、常識が覆る――【スカッと】【アニメ】,https://www.youtube.com/watch?v=UO_Kx2BQwOk,2026-08-28 17:00,2537,3.03,○
